"FullName","LastWriteTime"
"C:\Users\usuario\Documents\RODRIGO\GEOCONECTA\5TIERRAS\CRM_5T\Proyectos_ventas","26-03-2026 17:36:19"
"C:\Users\usuario\Documents\RODRIGO\GEOCONECTA\5TIERRAS\CRM_5T\Proyectos_ventas\Los Naranjos\data","26-03-2026 17:28:12"
"C:\Users\usuario\Documents\RODRIGO\GEOCONECTA\5TIERRAS\CRM_5T\Proyectos_ventas\Los Naranjos","26-03-2026 17:28:12"
"C:\Users\usuario\Documents\RODRIGO\GEOCONECTA\5TIERRAS\CRM_5T\Proyectos_ventas\El Copihue\data","26-03-2026 17:28:12"
"C:\Users\usuario\Documents\RODRIGO\GEOCONECTA\5TIERRAS\CRM_5T\El Copihue\data","26-03-2026 17:26:09"
"C:\Users\usuario\Documents\RODRIGO\GEOCONECTA\GORE\Programa","26-03-2026 17:15:43"
"C:\Users\usuario\Documents\RODRIGO\GEOCONECTA\5TIERRAS\CRM_5T\Logos","26-03-2026 17:06:42"
"C:\Users\usuario\Documents\RODRIGO\GEOCONECTA\5TIERRAS\CRM_5T","26-03-2026 17:06:42"
"C:\Users\usuario\Documents\RODRIGO\GEOCONECTA\5TIERRAS\CRM_5T\Proyectos_ventas\Los Encinos\webfonts","26-03-2026 17:03:13"
"C:\Users\usuario\Documents\RODRIGO\GEOCONECTA\5TIERRAS\CRM_5T\Proyectos_ventas\Los Encinos","26-03-2026 17:03:13"
"C:\Users\usuario\Documents\RODRIGO\GEOCONECTA\5TIERRAS\CRM_5T\Proyectos_ventas\Los Encinos\legend","26-03-2026 17:03:13"
"C:\Users\usuario\Documents\RODRIGO\GEOCONECTA\5TIERRAS\CRM_5T\Proyectos_ventas\Los Encinos\js","26-03-2026 17:03:13"
"C:\Users\usuario\Documents\RODRIGO\GEOCONECTA\5TIERRAS\CRM_5T\Proyectos_ventas\Los Encinos\data","26-03-2026 17:03:13"
"C:\Users\usuario\Documents\RODRIGO\GEOCONECTA\5TIERRAS\CRM_5T\Proyectos_ventas\Los Encinos\css\images","26-03-2026 17:03:13"
"C:\Users\usuario\Documents\RODRIGO\GEOCONECTA\5TIERRAS\CRM_5T\Proyectos_ventas\Los Encinos\css","26-03-2026 17:03:13"
"C:\Users\usuario\Documents\RODRIGO\GEOCONECTA\5TIERRAS\CRM_5T\Proyectos_ventas\Los Encinos\app","26-03-2026 17:03:13"
"C:\Users\usuario\Documents\RODRIGO\GEOCONECTA\5TIERRAS\CRM_5T\Proyectos_ventas\El Copihue\webfonts","26-03-2026 17:03:13"
"C:\Users\usuario\Documents\RODRIGO\GEOCONECTA\5TIERRAS\CRM_5T\Proyectos_ventas\El Copihue","26-03-2026 17:03:13"
"C:\Users\usuario\Documents\RODRIGO\GEOCONECTA\5TIERRAS\CRM_5T\Proyectos_ventas\El Copihue\legend","26-03-2026 17:03:13"
"C:\Users\usuario\Documents\RODRIGO\GEOCONECTA\5TIERRAS\CRM_5T\Proyectos_ventas\El Copihue\js","26-03-2026 17:03:13"
